actual,predicted
24.408510638297837,21.745993
0.9333333333333307,19.74589
16.267494475428798,16.032824
9.355102040816323,3.1851058
16.267494475428776,16.01682
66.4190682493447,47.171627
16.267494475428794,16.07675
16.267494475428776,16.366224
57.5999999999998,58.967
193.2,203.41258
57.599999999999994,59.22147
12.59999999999997,6.025207
