actual,predicted
24.408510638297837,23.92489
0.9333333333333307,24.232553
16.267494475428798,14.711668
9.355102040816323,6.1927314
16.267494475428776,14.654215
66.4190682493447,61.016926
16.267494475428794,14.875064
16.267494475428776,16.006645
57.5999999999998,57.702824
193.2,180.46634
57.599999999999994,57.86993
12.59999999999997,7.5551744
