{
    "train_rmse": 7.434704006957137,
    "test_rmse": 7.518412742305507,
    "train_r2": 0.938145598406669,
    "test_r2": 0.9777567864989228,
    "pso_feature_weights": [
        0.3429844786612428,
        0.9414416338549084,
        0.990803273605065,
        0.34012358374609,
        0.2628551352023625,
        0.5297165694042337,
        0.10473635219019284,
        0.6860545803290828,
        0.20326995611391718,
        0.23718435593833598,
        0.6044012365893773
    ],
    "layer1_units": 64,
    "layer2_units": 64,
    "batch_size": 8
}